Workbook

Sheet Student Data
A1: STUDENT ACADEMIC PERFORMANCE & ATTENDANCE TRACKER — 2024/2025
A2: Student ID | B2: Student Name | C2: Class | D2: Math | E2: English | F2: Science | G2: History | H2: ICT | I2: Average Score | J2: Attendance % | K2: Grade | L2: Status
A3: S001 | B3: Amara Okafor | C3: 10A | D3: 95 | E3: 88 | F3: 91 | G3: 85 | H3: 90 | I3: =ROUND(AVERAGE(D3:H3),1) -> 89.8 | J3: 98 | K3: =IF(I3>=80,"A",IF(I3>=70,"B",IF(I3>=60,"C",IF(I3>=50,"D","F")))) -> A | L3: =IF(AND(I3>=70,J3>=80),"Good Standing",IF(OR(I3<50,J3<70),"At Risk","Needs Monitoring")) -> Good Standing
A4: S002 | B4: Chidi Eze | C4: 10A | D4: 62 | E4: 55 | F4: 70 | G4: 60 | H4: 65 | I4: =ROUND(AVERAGE(D4:H4),1) -> 62.4 | J4: 72 | K4: =IF(I4>=80,"A",IF(I4>=70,"B",IF(I4>=60,"C",IF(I4>=50,"D","F")))) -> C | L4: =IF(AND(I4>=70,J4>=80),"Good Standing",IF(OR(I4<50,J4<70),"At Risk","Needs Monitoring")) -> Needs Monitoring
A5: S003 | B5: Fatima Bello | C5: 10B | D5: 88 | E5: 92 | F5: 85 | G5: 90 | H5: 87 | I5: =ROUND(AVERAGE(D5:H5),1) -> 88.4 | J5: 96 | K5: =IF(I5>=80,"A",IF(I5>=70,"B",IF(I5>=60,"C",IF(I5>=50,"D","F")))) -> A | L5: =IF(AND(I5>=70,J5>=80),"Good Standing",IF(OR(I5<50,J5<70),"At Risk","Needs Monitoring")) -> Good Standing
A6: S004 | B6: Emeka Nwosu | C6: 10B | D6: 45 | E6: 40 | F6: 50 | G6: 35 | H6: 42 | I6: =ROUND(AVERAGE(D6:H6),1) -> 42.4 | J6: 65 | K6: =IF(I6>=80,"A",IF(I6>=70,"B",IF(I6>=60,"C",IF(I6>=50,"D","F")))) -> F | L6: =IF(AND(I6>=70,J6>=80),"Good Standing",IF(OR(I6<50,J6<70),"At Risk","Needs Monitoring")) -> At Risk
A7: S005 | B7: Ngozi Adeyemi | C7: 10A | D7: 78 | E7: 82 | F7: 75 | G7: 80 | H7: 77 | I7: =ROUND(AVERAGE(D7:H7),1) -> 78.4 | J7: 88 | K7: =IF(I7>=80,"A",IF(I7>=70,"B",IF(I7>=60,"C",IF(I7>=50,"D","F")))) -> B | L7: =IF(AND(I7>=70,J7>=80),"Good Standing",IF(OR(I7<50,J7<70),"At Risk","Needs Monitoring")) -> Good Standing
A8: S006 | B8: Tunde Fashola | C8: 10C | D8: 55 | E8: 48 | F8: 60 | G8: 52 | H8: 57 | I8: =ROUND(AVERAGE(D8:H8),1) -> 54.4 | J8: 70 | K8: =IF(I8>=80,"A",IF(I8>=70,"B",IF(I8>=60,"C",IF(I8>=50,"D","F")))) -> D | L8: =IF(AND(I8>=70,J8>=80),"Good Standing",IF(OR(I8<50,J8<70),"At Risk","Needs Monitoring")) -> Needs Monitoring
A9: S007 | B9: Aisha Mohammed | C9: 10C | D9: 91 | E9: 95 | F9: 88 | G9: 93 | H9: 90 | I9: =ROUND(AVERAGE(D9:H9),1) -> 91.4 | J9: 97 | K9: =IF(I9>=80,"A",IF(I9>=70,"B",IF(I9>=60,"C",IF(I9>=50,"D","F")))) -> A | L9: =IF(AND(I9>=70,J9>=80),"Good Standing",IF(OR(I9<50,J9<70),"At Risk","Needs Monitoring")) -> Good Standing
A10: S008 | B10: Kelechi Onyeka | C10: 10B | D10: 72 | E10: 68 | F10: 74 | G10: 70 | H10: 71 | I10: =ROUND(AVERAGE(D10:H10),1) -> 71 | J10: 82 | K10: =IF(I10>=80,"A",IF(I10>=70,"B",IF(I10>=60,"C",IF(I10>=50,"D","F")))) -> B | L10: =IF(AND(I10>=70,J10>=80),"Good Standing",IF(OR(I10<50,J10<70),"At Risk","Needs Monitoring")) -> Good Standing
A11: S009 | B11: Blessing Igwe | C11: 10A | D11: 38 | E11: 35 | F11: 42 | G11: 30 | H11: 40 | I11: =ROUND(AVERAGE(D11:H11),1) -> 37 | J11: 60 | K11: =IF(I11>=80,"A",IF(I11>=70,"B",IF(I11>=60,"C",IF(I11>=50,"D","F")))) -> F | L11: =IF(AND(I11>=70,J11>=80),"Good Standing",IF(OR(I11<50,J11<70),"At Risk","Needs Monitoring")) -> At Risk
A12: S010 | B12: Yusuf Abubakar | C12: 10C | D12: 83 | E12: 87 | F12: 80 | G12: 85 | H12: 82 | I12: =ROUND(AVERAGE(D12:H12),1) -> 83.4 | J12: 91 | K12: =IF(I12>=80,"A",IF(I12>=70,"B",IF(I12>=60,"C",IF(I12>=50,"D","F")))) -> A | L12: =IF(AND(I12>=70,J12>=80),"Good Standing",IF(OR(I12<50,J12<70),"At Risk","Needs Monitoring")) -> Good Standing
A13: S011 | B13: Chioma Obi | C13: 10B | D13: 67 | E13: 72 | F13: 65 | G13: 70 | H13: 68 | I13: =ROUND(AVERAGE(D13:H13),1) -> 68.4 | J13: 80 | K13: =IF(I13>=80,"A",IF(I13>=70,"B",IF(I13>=60,"C",IF(I13>=50,"D","F")))) -> C | L13: =IF(AND(I13>=70,J13>=80),"Good Standing",IF(OR(I13<50,J13<70),"At Risk","Needs Monitoring")) -> Needs Monitoring
A14: S012 | B14: Adebayo Lawal | C14: 10A | D14: 50 | E14: 45 | F14: 55 | G14: 48 | H14: 52 | I14: =ROUND(AVERAGE(D14:H14),1) -> 50 | J14: 68 | K14: =IF(I14>=80,"A",IF(I14>=70,"B",IF(I14>=60,"C",IF(I14>=50,"D","F")))) -> D | L14: =IF(AND(I14>=70,J14>=80),"Good Standing",IF(OR(I14<50,J14<70),"At Risk","Needs Monitoring")) -> At Risk
... A17: S015 | B17: Oluwaseun Ade | C17: 10A | D17: 60 | E17: 57 | F17: 62 | G17: 55 | H17: 58 | I17: =ROUND(AVERAGE(D17:H17),1) -> 58.4 | J17: 74 | K17: =IF(I17>=80,"A",IF(I17>=70,"B",IF(I17>=60,"C",IF(I17>=50,"D","F")))) -> D | L17: =IF(AND(I17>=70,J17>=80),"Good Standing",IF(OR(I17<50,J17<70),"At Risk","Needs Monitoring")) -> Needs Monitoring

Sheet Chart Data
A1: Student Name | B1: Avg Score | C1: Attendance % | E1: Group | F1: Math | G1: English | H1: Science
A2: Amara | B2: ='Student Data'!I3 -> 89.8 | C2: 98 | E2: Top Performers Avg | F2: 90.2 | G2: 90.4 | H2: 87.2
A3: Chidi | B3: ='Student Data'!I4 -> 62.4 | C3: 72 | E3: Bottom Performers Avg | F3: 41.5 | G3: 37.5 | H3: 46
A4: Fatima | B4: ='Student Data'!I5 -> 88.4 | C4: 96
A5: Emeka | B5: ='Student Data'!I6 -> 42.4 | C5: 65
A6: Ngozi | B6: ='Student Data'!I7 -> 78.4 | C6: 88
A7: Tunde | B7: ='Student Data'!I8 -> 54.4 | C7: 70
A8: Aisha | B8: ='Student Data'!I9 -> 91.4 | C8: 97
A9: Kelechi | B9: ='Student Data'!I10 -> 71 | C9: 82
A10: Blessing | B10: ='Student Data'!I11 -> 37 | C10: 60
A11: Yusuf | B11: ='Student Data'!I12 -> 83.4 | C11: 91
A12: Chioma | B12: ='Student Data'!I13 -> 68.4 | C12: 80
A13: Adebayo | B13: ='Student Data'!I14 -> 50 | C13: 68
A14: Zainab | B14: ='Student Data'!I15 -> 91.4 | C14: 99
A15: Ifeanyi | B15: ='Student Data'!I16 -> 76.4 | C15: 85
A16: Seun | B16: ='Student Data'!I17 -> 58.4 | C16: 74

Sheet Charts
A1: PERFORMANCE & ATTENDANCE — VISUAL ANALYSIS

Sheet Summary & Observations
B1: SUMMARY, OBSERVATIONS & REASON FOR ANALYSIS
B3: 🔍 REASON FOR CHECKING
B4: Why this analysis? | C4: This study was conducted to explore the correlation between student attendance rates and academic performance. Research consistently shows that regular school attendance is one of the strongest predictors of academic success. By analysing this relationship, the school can identify students who are at risk of underperforming due to poor attendance and put timely support measures in place.
B5: Core Question | C5: Do students with higher attendance rates consistently achieve better scores across all subjects? And conversely, are students with low attendance disproportionately represented among low-performers?
B6: Methodology | C6: Student attendance data (percentage of school days attended) was collected alongside end-of-term scores in five subjects: Mathematics, English, Science, History, and ICT. An average score was computed for each student. Students were then categorised as 'Good Standing', 'Needs Monitoring', or 'At Risk' based on combined attendance and performance thresholds.
B8: 📋 SUMMARY
B9: Overall Performance | C9: The class achieved an average score of approximately 69.5% across all subjects. Five students achieved an 'A' grade (80%+), with Aisha Mohammed and Zainab Suleiman leading the cohort. Three students are classified as 'At Risk', requiring urgent support.
B10: Attendance Overview | C10: Average class attendance stands at 81.7%. Zainab Suleiman recorded the highest attendance at 99%, while Blessing Igwe recorded the lowest at 60%. Eight out of 15 students maintain attendance above the recommended 80% threshold.
B11: Subject Performance | C11: History and English showed the widest variation between top and bottom performers. Science and Mathematics were consistently strong for high-attending students. ICT showed moderate variation across all performance groups.
B12: Grade Distribution | C12: A grade: 5 students (33%) | B grade: 3 students (20%) | C grade: 2 students (13%) | D grade: 3 students (20%) | F grade: 2 students (13%)
B13: Class Comparison | C13: Class 10C performed strongest overall, driven by Aisha Mohammed, Zainab Suleiman, and Yusuf Abubakar. Class 10A had the most at-risk students (2 out of 6 students), suggesting a need for class-level intervention.
B15: 🔎 KEY OBSERVATIONS & RECOMMENDATIONS
B16: Observation 1: Strong Positive Correlation | C16: There is a clear positive relationship between attendance and academic performance. All five top-performing students (average score ≥ 83%) had attendance rates of 91% or above. This confirms that students who attend school consistently have significantly better outcomes.
B17: Observation 2: At-Risk Students Cluster | C17: The three at-risk students (Emeka Nwosu, Blessing Igwe, and Adebayo Lawal) all have attendance rates below 70%. Their average scores range from 37% to 50%, well below the class average. Poor attendance appears to compound across all five subjects.
B18: Observation 3: Attendance Threshold Effect | C18: Students with attendance above 85% averaged 87.1%, while those below 75% averaged only 50.8%. This suggests that an 80%+ attendance rate is a critical threshold for academic adequacy, and dipping below it significantly increases the risk of academic failure.
B19: Observation 4: Gender & Class Patterns | C19: Top performers include both male and female students, indicating no gender-based performance gap. However, Class 10A has the highest number of struggling students, which may point to class-level factors such as teaching style, timetabling, or student dynamics that need further review.
B20: Observation 5: Subject-Specific Vulnerability | C20: At-risk students perform particularly poorly in Mathematics and English — the two foundational subjects. Targeted catch-up sessions in these areas could yield the greatest improvement in overall scores for underperforming students.
B21: Recommendation | C21: 1. Implement an attendance monitoring alert system — notify parents/guardians when attendance falls below 80%. 2. Assign peer tutors or after-school support sessions for at-risk students in Maths & English. 3. Schedule a parent-teacher meeting for the 3 at-risk students within the next two weeks. 4. Investigate class 10A environment to identify systemic barriers to performance. 5. Recognise and reward top performers to sustain motivation and set a positive example.
